Model,Accuracy,F1 Score,MCC,AUC
Logistic Regression,0.9824561403508771,0.975609756097561,0.962621902223779,0.9976851851851852
Support Vector Machine,0.9736842105263158,0.9629629629629629,0.9441549509633318,0.9947089947089947
CART,0.9649122807017544,0.95,0.9258200997725514,0.9523809523809523
K-Nearest Neighbors,0.9385964912280702,0.9113924050632911,0.8687664928166448,0.982473544973545
Gaussian Naive Bayes,0.9210526315789473,0.8888888888888888,0.8291617197562593,0.9890873015873015
